{
  "1409315903937449994": [
    {
      "address": "LUwwCyDMVgzsn7taGQ96nEQmc2TSYqMyUW",
      "userId": "1409315903937449994",
      "lastKnownBalance": 0,
      "createdAt": "2025-09-06T22:22:20.313Z",
      "active": true
    },
    {
      "address": "LMHgMdL9DywfkkKKz572k2LSYuqPv8e27f",
      "userId": "1409315903937449994",
      "lastKnownBalance": 0,
      "createdAt": "2025-09-06T22:33:40.432Z",
      "active": true
    },
    {
      "address": "LgMGwcxSxZNazF1D3ifnn1Qv14WqD73f89",
      "userId": "1409315903937449994",
      "lastKnownBalance": 0,
      "createdAt": "2025-09-07T09:07:44.333Z",
      "active": false,
      "completedAt": "2025-09-07T09:13:06.064Z"
    },
    {
      "address": "LXA7u47krunFSRrAmdxoFztqEJA7fdgBQo",
      "userId": "1409315903937449994",
      "lastKnownBalance": 0,
      "createdAt": "2025-09-07T09:11:05.084Z",
      "active": true
    },
    {
      "address": "LfVNfAAacSMGKrnDdPkWJ2aEt1oyhepF4G",
      "userId": "1409315903937449994",
      "lastKnownBalance": 0,
      "createdAt": "2025-09-07T09:38:45.342Z",
      "active": false,
      "completedAt": "2025-09-07T09:43:46.437Z"
    }
  ]
}