{
  "1409315903937449994": {
    "userId": "1409315903937449994",
    "hasPassword": true,
    "passwordHash": "5915dab3e38135c1ac8ed8a54c1d98df:d03e6da0f10b1836029e5cf681563a9c7ef6ef17de9bc89e5b6d4be28aaf385dbe52cb6574eedd191a7a46cfd60f2312226b25c3ec41496cf8027b56ed5dc578",
    "recoveryKey": "C9B81C7484F663799A7709ED2E9A746D",
    "depositRequests": [],
    "lastGamblingSession": null,
    "wageredAmount": 0,
    "depositedAmount": 0,
    "canCashout": true,
    "createdAt": "2025-09-06T22:21:34.193Z"
  }
}