[
  {
    "address": "LbnUzAL5K7cH3ho6gF9Y1YzvM68wQ3dqca",
    "privateKey": "cd5b2958dfcf9d6ca3fb347c7b17c8859798e59a80ba5142265c94fed8ef8cd5",
    "createdAt": "2025-09-06T20:40:34.904Z",
    "balance": 0.00104384,
    "lastChecked": "2025-09-06T21:20:15.297Z",
    "lastWithdrawal": {
      "amount": 0.001,
      "to": "LKqvbFJym64Sh1t9jrMcFYqcP33kCkhGv9",
      "txid": "efdd61d9c3bf14966b767288b77cfddbb54401636de457a3391316dd36a7905d",
      "timestamp": "2025-09-06T21:19:50.838Z"
    }
  },
  {
    "address": "LUwwCyDMVgzsn7taGQ96nEQmc2TSYqMyUW",
    "privateKey": "5ea4fdd8fe3809fc03ebc772b454927d7bbe2f8d75f0719474cb31dd1c715e02",
    "createdAt": "2025-09-06T22:22:20.311Z",
    "balance": 0
  },
  {
    "address": "LMHgMdL9DywfkkKKz572k2LSYuqPv8e27f",
    "privateKey": "eef2441b13c22bda84fccb66300294f31540f0768939ed3b8e441257e1f59d43",
    "createdAt": "2025-09-06T22:33:40.430Z",
    "balance": 0
  },
  {
    "address": "LgMGwcxSxZNazF1D3ifnn1Qv14WqD73f89",
    "privateKey": "aaeabf5d652072bfa296996c86641710ae1925cf8164dabcd9a16cb0ac7d61ac",
    "createdAt": "2025-09-07T09:07:44.331Z",
    "balance": 0
  },
  {
    "address": "LXA7u47krunFSRrAmdxoFztqEJA7fdgBQo",
    "privateKey": "0b17294f293ec8c945c066759116d200c76a7489ee5088e8da7c33be8e14f92e",
    "createdAt": "2025-09-07T09:11:05.083Z",
    "balance": 0
  },
  {
    "address": "LfVNfAAacSMGKrnDdPkWJ2aEt1oyhepF4G",
    "privateKey": "3fce50fff2f3858e0be461cfa6a8552edf7a461c0e02db7fc91084a33640dcb8",
    "createdAt": "2025-09-07T09:38:45.339Z",
    "balance": 0
  }
]