{
  "1409315903937449994": {
    "userId": "1409315903937449994",
    "balance": 0.005084489999999997,
    "totalDeposited": 0.01540449,
    "totalWithdrawn": 0,
    "depositHistory": [
      {
        "amount": 0.00102954,
        "address": "LgMGwcxSxZNazF1D3ifnn1Qv14WqD73f89",
        "txid": null,
        "timestamp": "2025-09-07T09:13:06.063Z",
        "confirmed": false
      },
      {
        "amount": 0.01029124,
        "address": "LfVNfAAacSMGKrnDdPkWJ2aEt1oyhepF4G",
        "txid": null,
        "timestamp": "2025-09-07T09:43:46.435Z",
        "confirmed": false
      },
      {
        "amount": 0.00408371,
        "address": "LQj9nek6opvbmfCfA3Cbtt99uvZ7WH2uqP",
        "txid": null,
        "timestamp": "2025-09-07T13:19:33.571Z",
        "confirmed": false
      }
    ],
    "withdrawalHistory": [],
    "gameHistory": [
      {
        "amount": 0.001,
        "from": "1409315903937449994",
        "to": "1414003956077563904",
        "timestamp": "2025-09-07T09:22:19.170Z",
        "type": "transfer",
        "action": "sent"
      },
      {
        "amount": 0.001,
        "from": "1414003956077563904",
        "to": "1409315903937449994",
        "timestamp": "2025-09-07T11:36:52.670Z",
        "type": "transfer",
        "action": "received"
      }
    ],
    "addresses": [
      "LUwwCyDMVgzsn7taGQ96nEQmc2TSYqMyUW",
      "LMHgMdL9DywfkkKKz572k2LSYuqPv8e27f",
      "LgMGwcxSxZNazF1D3ifnn1Qv14WqD73f89",
      "LXA7u47krunFSRrAmdxoFztqEJA7fdgBQo",
      "LfVNfAAacSMGKrnDdPkWJ2aEt1oyhepF4G",
      "LQj9nek6opvbmfCfA3Cbtt99uvZ7WH2uqP"
    ],
    "createdAt": "2025-09-06T22:17:29.547Z",
    "lastActivity": "2025-09-07T13:38:33.577Z"
  },
  "1414003956077563904": {
    "userId": "1414003956077563904",
    "balance": 0,
    "totalDeposited": 0,
    "totalWithdrawn": 0,
    "depositHistory": [],
    "withdrawalHistory": [],
    "gameHistory": [
      {
        "amount": 0.001,
        "from": "1409315903937449994",
        "to": "1414003956077563904",
        "timestamp": "2025-09-07T09:22:19.170Z",
        "type": "transfer",
        "action": "received"
      },
      {
        "amount": 0.001,
        "from": "1414003956077563904",
        "to": "1409315903937449994",
        "timestamp": "2025-09-07T11:36:52.670Z",
        "type": "transfer",
        "action": "sent"
      }
    ],
    "addresses": [],
    "createdAt": "2025-09-07T09:22:19.170Z",
    "lastActivity": "2025-09-07T11:36:52.671Z"
  }
}